{"cameraMode":{"drawMode":0,"name":"Shaded","section":"Shading Mode"},"sceneLighting":true,"audioPlay":false,"sceneViewState":{"showFog":true,"showMaterialUpdate":false,"showSkybox":true,"showFlares":true,"showImageEffects":true,"showParticleSystems":true},"in2DMode":false,"pivot":{"x":-1.2152700424194337,"y":3.229921340942383,"z":-0.9559097290039063},"rotation":{"x":-0.06191572546958923,"y":0.9180740118026733,"z":-0.15883179008960725,"w":-0.35788294672966006},"size":3.532351016998291,"orthographic":false}